{
  "height": 800,
  "width": 1200,
  "x": 341.80560302734375,
  "y": 67.20372772216797
}