{
  "height": 472,
  "width": 708,
  "x": 278.078125,
  "y": 226.16650390625
}