{
  "height": 787,
  "width": 1181,
  "x": 358.66314697265625,
  "y": -1.9537369012832642
}