{
  "height": 800,
  "width": 1200,
  "x": 343.5972595214844,
  "y": 68.39818572998047
}