{
  "height": 800,
  "width": 1200,
  "x": 15.856821060180664,
  "y": 13.549176216125488
}