{
  "height": 472,
  "width": 708,
  "x": 278.078125,
  "y": 225.61767578125
}