{
  "height": 800,
  "width": 1200,
  "x": 349.49151611328125,
  "y": 72.32768249511719
}