{
  "height": 800,
  "width": 1200,
  "x": 343.16326904296875,
  "y": 68.10884094238281
}