{
  "height": 800,
  "width": 1200,
  "x": 342.2789001464844,
  "y": 67.5192642211914
}