{
  "height": 800,
  "width": 1200,
  "x": 345.4723205566406,
  "y": 19.81488037109375
}