{
  "height": 492,
  "width": 738,
  "x": 581.0828857421875,
  "y": -1.2259680032730103
}